<?xml version="1.0" encoding="UTF-8"?> <?xmlstylesheet type="text/xsl" href="example.xsl"?>
<library_details>
    <library>
        <Bookname>Web Technology</Bookname>
        <Author>Robet Roy</Author>
        <Publisher>Technical</Publisher>
        <Edition>7th</Edition>
        <Price>650</Price>
    </library>
    <library>
        <Bookname>Software Engineering</Bookname>
        <Author>Ugrasen Suman</Author>
        <Publisher>Technical</Publisher>
        <Edition>8th</Edition>
        <Price>450</Price>
    </library>
    <library>
        <Bookname>Computer Networks</Bookname>
        <Author>Forouzan</Author>
        <Publisher>Technical</Publisher>
        <Edition>7th</Edition>
        <Price>500</Price>
    </library>
</library_details> 